{"Loss": 13.46721363067627, "val_loss": 11.034259796142578, "c_index": 0.4866666793823242, "val_c_index": 0.5583333373069763}