{"Loss": 5.6644721031188965, "val_loss": 9.58200454711914, "c_index": 0.5366666913032532, "val_c_index": 0.6833333373069763}