{"Loss": 13.925251960754395, "val_loss": 14.463793754577637, "c_index": 0.4933333396911621, "val_c_index": 0.5666666626930237}