{"Loss": 15.696507453918457, "val_loss": 15.395427703857422, "c_index": 0.43166667222976685, "val_c_index": 0.5833333134651184}